Nodo,DEV,MEM,IO,NET,PRO,OTH
Computazionali,82.01055275198391,8.447187451939612,2.5197195442594214,0.03286590709903593,6.98967434471803,0.0
tg-login3,0.0,0.0,99.73821989528795,0.2617801047120419,0.0,0.0
tg-master,0.0,0.0,11.048643363480812,88.95135663651918,0.0,0.0
tg-s044,0.0,0.0,99.50372208436724,0.062034739454094295,0.0,0.4342431761786601
