CTT,ResponseTime
1000,13.026212213852006
2000,12.727133215849824
3000,15.066048214523994
4000,17.879947218834207
4500,19.746882310202437
5000,22.581624791389856
6000,47.97398101182136
7000,133.01548279460533
8000,249.64770121764164
9000,377.1140440035938
