CTT,Throughput
1000,16.997400036977833
2000,33.65935336367832
3000,50.32137647490239
4000,66.9885912402654
4500,75.32045046953776
5000,83.63146301941494
6000,100.27576588964057
7000,115.44180348312102
8000,124.8965206805148
9000,125.27431886068678
