NomeRichiesta,nRichieste,Throughput,ThroughputNorm
ExtraLarge HTTP Request,808,2.693081979015292,0.9695095124455051
ExtraSmall HTTP Request,820,2.73307824603037,0.9839081685709332
Large HTTP Request,850,2.833068913568067,1.019904808884504
Medium HTTP Request,840,2.7997386910555013,1.0079059287799805
Small HTTP Request,923,3.0763795379097947,1.1074966336475263
SuperLarge HTTP Request,859,2.8630661138293756,1.0307038009785752
