NomeRichiesta,nRichieste,Throughput,ThroughputNorm
ExtraLarge HTTP Request,1690,5.632882702717116,1.013918886489081
ExtraSmall HTTP Request,1698,5.659547236221102,1.0187185025197985
Large HTTP Request,1703,5.676212569661094,1.0217182625389971
Medium HTTP Request,1660,5.532890702077167,0.9959203263738902
Small HTTP Request,1637,5.456230168253207,0.9821214302855773
SuperLarge HTTP Request,1710,5.699544036477082,1.0259179265658749
