NomeRichiesta,nRichieste,Throughput,ThroughputNorm
ExtraLarge HTTP Request,2459,8.19658470081966,0.9835901640983592
ExtraSmall HTTP Request,2556,8.519914800851993,1.0223897761022391
Large HTTP Request,2534,8.44658220084466,1.0135898641013592
Medium HTTP Request,2478,8.259917400825993,0.991190088099119
Small HTTP Request,2537,8.456582100845658,1.014789852101479
SuperLarge HTTP Request,2534,8.44658220084466,1.0135898641013592
