NomeRichiesta,nRichieste,Throughput,ThroughputNorm
ExtraLarge HTTP Request,2480,8.265867632795496,0.9919041159354596
ExtraSmall HTTP Request,2567,8.55583960217179,1.0267007522606149
Large HTTP Request,2489,8.295864733075803,0.9955037679690963
Medium HTTP Request,2526,8.419186145339284,1.010302337440714
Small HTTP Request,2531,8.435851201050566,1.012302144126068
SuperLarge HTTP Request,2504,8.345859900209646,1.0015031880251575
