NomeRichiesta,nRichieste,Throughput,ThroughputNorm
ExtraLarge HTTP Request,3449,11.496168499365028,1.0346551649428526
ExtraSmall HTTP Request,3413,11.376173699139704,1.0238556329225734
Large HTTP Request,3279,10.92952638718989,0.9836573748470901
Medium HTTP Request,3316,11.05285437631036,0.9947568938679325
Small HTTP Request,3282,10.939525953875332,0.98455733584878
SuperLarge HTTP Request,3358,11.192848309906571,1.0073563478915915
