NomeRichiesta,nRichieste,Throughput,ThroughputNorm
ExtraLarge HTTP Request,3950,13.165701181913327,1.0532560945530662
ExtraSmall HTTP Request,3754,12.51241575617788,1.0009932604942304
Large HTTP Request,3783,12.609075334475472,1.0087260267580378
Medium HTTP Request,3782,12.605742245568658,1.0084593796454926
Small HTTP Request,3642,12.139109798614768,0.9711287838891816
SuperLarge HTTP Request,3690,12.299098066141816,0.9839278452913452
