NomeRichiesta,nRichieste,Throughput,ThroughputNorm
ExtraLarge HTTP Request,4186,13.952961254366551,1.0046132103143917
ExtraSmall HTTP Request,4210,14.032959121090105,1.0103730567184874
Large HTTP Request,4187,13.956294498813365,1.0048532039145621
Medium HTTP Request,4148,13.82629796538759,0.9954934535079064
Small HTTP Request,4293,14.30961841017573,1.0302925255326525
SuperLarge HTTP Request,4069,13.562971654089225,0.9765339590944242
