NomeRichiesta,nRichieste,Throughput,ThroughputNorm
ExtraLarge HTTP Request,4212,14.038455769865314,1.0107688154303025
ExtraSmall HTTP Request,4168,13.89180523475751,1.0002099769025408
Large HTTP Request,4196,13.985128302553385,1.0069292377838437
Medium HTTP Request,4222,14.07178543693527,1.0131685514593394
Small HTTP Request,4194,13.978462369139393,1.0064492905780362
SuperLarge HTTP Request,4100,13.66516349868181,0.9838917719050904
