NomeRichiesta,nRichieste,Throughput,ThroughputNorm
ExtraLarge HTTP Request,4999,16.661944837930175,0.9997166902758104
ExtraSmall HTTP Request,5125,17.0819098408466,1.024914590450796
Large HTTP Request,5013,16.708607616031998,1.0025164569619198
Medium HTTP Request,5012,16.705274560453297,1.002316473627198
Small HTTP Request,4971,16.568619281726523,0.9941171569035914
SuperLarge HTTP Request,4969,16.56195317056912,0.9937171902341471
