NomeRichiesta,nRichieste,Throughput,ThroughputNorm
ExtraLarge HTTP Request,5411,18.032879761916664,0.9987441098907692
ExtraSmall HTTP Request,5431,18.099532431522714,1.002435642361258
Large HTTP Request,5410,18.029547128436363,0.9985595332672448
Medium HTTP Request,5370,17.896241789224263,0.9911764683262668
Small HTTP Request,5356,17.84958492050003,0.9885923955969247
SuperLarge HTTP Request,5408,18.022881861475756,0.9981903800201958
