NomeRichiesta,nRichieste,Throughput,ThroughputNorm
ExtraLarge HTTP Request,5341,17.809804228869822,0.9863891572912518
ExtraSmall HTTP Request,5370,17.906506030524422,0.991744949382891
Large HTTP Request,5380,17.939851479370837,0.9935917742420773
Medium HTTP Request,5412,18.04655691567936,0.9995016137914723
Small HTTP Request,5361,17.87649512656265,0.9900828070096237
SuperLarge HTTP Request,5394,17.986535107755817,0.9961773290449377
