NomeRichiesta,nRichieste,Throughput,ThroughputNorm
ExtraLarge HTTP Request,5772,19.238525046413105,0.9894098595298169
ExtraSmall HTTP Request,5794,19.311852757955222,0.9931809989805543
Large HTTP Request,5748,19.158531179276252,0.9852958892199216
Medium HTTP Request,5801,19.335184302536803,0.994380906987607
Small HTTP Request,5824,19.411845091876287,0.9983234618679233
SuperLarge HTTP Request,5783,19.275188902184166,0.9912954292551857
