NomeRichiesta,nRichieste,Throughput,ThroughputNorm
ExtraLarge HTTP Request,6281,20.93555010399445,0.9420997546797504
ExtraSmall HTTP Request,6084,20.278918457682256,0.9125513305957015
Large HTTP Request,6215,20.71556183670204,0.9322002826515919
Medium HTTP Request,6190,20.632232947576128,0.9284504826409258
Small HTTP Request,6238,20.79222441469788,0.9356500986614046
SuperLarge HTTP Request,6397,21.32219614953869,0.9594988267292411
