NomeRichiesta,nRichieste,Throughput,ThroughputNorm
ExtraLarge HTTP Request,837,2.7901395069753487,1.0044502225111256
ExtraSmall HTTP Request,825,2.7501375068753435,0.9900495024751238
Large HTTP Request,879,2.9301465073253663,1.054852742637132
Medium HTTP Request,839,2.796806506992016,1.006850342517126
Small HTTP Request,844,2.813474007033685,1.0128506425321266
SuperLarge HTTP Request,875,2.9168125072920312,1.0500525026251313
