NomeRichiesta,nRichieste,Throughput,ThroughputNorm
ExtraLarge HTTP Request,873,2.9099321015842965,1.0475755565703468
ExtraSmall HTTP Request,783,2.609939101420967,0.9395780765115481
Large HTTP Request,825,2.7499358348305205,0.9899769005389873
Medium HTTP Request,863,2.876599546010593,1.0355758365638135
Small HTTP Request,871,2.9032655904695557,1.0451756125690401
SuperLarge HTTP Request,884,2.94659791271537,1.0607752485775332
