NomeRichiesta,nRichieste,Throughput,ThroughputNorm
ExtraLarge HTTP Request,4596,15.318774498040156,0.45956323494120466
ExtraSmall HTTP Request,4673,15.575420633016025,0.46726261899048077
Large HTTP Request,4586,15.285443831160174,0.45856331493480523
Medium HTTP Request,4621,15.402101165240113,0.4620630349572034
Small HTTP Request,4532,15.105458230008265,0.45316374690024797
SuperLarge HTTP Request,4648,15.492093965816068,0.464762818974482
