NomeRichiesta,nRichieste,Throughput,ThroughputNorm
ExtraLarge HTTP Request,5347,17.822501616591225,0.5346750484977367
ExtraSmall HTTP Request,5308,17.692507682974792,0.5307752304892438
Large HTTP Request,5389,17.962495083562768,0.538874852506883
Medium HTTP Request,5437,18.122487617244527,0.5436746285173358
Small HTTP Request,5484,18.279146973141252,0.5483744091942376
SuperLarge HTTP Request,5393,17.975827794702912,0.5392748338410873
