NomeRichiesta,nRichieste,Throughput,ThroughputNorm
ExtraLarge HTTP Request,2491,8.303250300830326,0.9963900360996392
ExtraSmall HTTP Request,2581,8.603247300860325,1.032389676103239
Large HTTP Request,2531,8.436582300843659,1.012389876101239
Medium HTTP Request,2434,8.113252200811326,0.973590264097359
Small HTTP Request,2464,8.213251200821325,0.9855901440985589
SuperLarge HTTP Request,2595,8.649913500864992,1.037989620103799
