NomeRichiesta,nRichieste,Throughput,ThroughputNorm
ExtraLarge HTTP Request,5015,16.716332340019868,1.002979940401192
ExtraSmall HTTP Request,4874,16.246341739831873,0.9747805043899124
Large HTTP Request,4970,16.56633533995987,0.9939801203975922
Medium HTTP Request,5042,16.806330540055868,1.0083798324033522
Small HTTP Request,5220,17.39965200695986,1.0439791204175917
SuperLarge HTTP Request,4964,16.546335739951868,0.992780144397112
