NomeRichiesta,nRichieste,Throughput,ThroughputNorm
ExtraLarge HTTP Request,5392,17.97069763101412,0.9953001764869359
ExtraSmall HTTP Request,5474,18.243990881337403,1.0104364180433023
Large HTTP Request,5423,18.074015811014387,1.0010224141484894
Medium HTTP Request,5431,18.100678567143486,1.0024991206417933
Small HTTP Request,5492,18.303982082627883,1.0137590076532366
SuperLarge HTTP Request,5316,17.71740144778766,0.9812714648005473
