NomeRichiesta,nRichieste,Throughput,ThroughputNorm
ExtraLarge HTTP Request,5871,19.569282459643144,1.0064202407816474
ExtraSmall HTTP Request,5870,19.565949248527552,1.0062488184957026
Large HTTP Request,5815,19.38262263716997,0.9968205927687412
Medium HTTP Request,5677,18.922639503218214,0.9731643173083653
Small HTTP Request,5808,19.35929015936082,0.995620636767128
SuperLarge HTTP Request,5741,19.13596501461613,0.9841353436088294
