NomeRichiesta,nRichieste,Throughput,ThroughputNorm
ExtraLarge HTTP Request,5773,19.241409192414093,0.989558187038439
ExtraSmall HTTP Request,5826,19.418058194180585,0.9986429928435729
Large HTTP Request,5795,19.314735193147353,0.993329238504721
Medium HTTP Request,5706,19.018098190180982,0.9780736212093076
Small HTTP Request,5603,18.674799186747993,0.9604182438898968
SuperLarge HTTP Request,5698,18.991434189914344,0.9767023297670233
