CTT,Fairness
1000,0.999056828478574
2000,0.9992620402538832
3000,0.9993269261487949
4000,0.9993600421894935
4500,0.9993938305847605
5000,0.9994138871724717
6000,0.9994542996172383
6500,0.9995603839955151
7000,0.9994498733619532
8000,0.9994016337923043
9000,0.9991286522034089
12000,0.9564291811411824
